{"step": [10000, 20000, 30000, 40000, 50000, 60000, 70000, 80000, 90000, 100000, 110000, 120000, 130000, 140000, 150000, 160000, 170000, 180000, 190000, 200000, 210000, 220000, 230000, 240000, 250000, 260000, 270000, 280000, 290000, 300000, 310000, 320000, 330000, 340000, 350000, 360000, 370000, 380000, 390000, 400000, 410000, 420000, 430000, 440000, 450000, 460000, 470000, 480000, 490000, 500000, 510000, 520000, 530000, 540000, 550000, 560000, 570000, 580000, 590000, 600000], "mean_reward_20ep": [126.84210526315789, 174.75, 175.75, 172.75, 134.75, 151.25, 128.25, 126.5, 132.5, 185.25, 136.25, 168.5, 158.25, 159.0, 133.25, 159.0, 190.0, 186.25, 159.5, 158.0, 174.25, 220.75, 192.75, 232.0, 211.25, 270.0, 256.5, 192.75, 245.25, 207.5, 270.0, 224.0, 254.75, 280.25, 261.75, 272.25, 257.0, 248.0, 299.0, 271.5, 248.0, 277.0, 303.25, 358.0, 357.25, 373.75, 383.0, 350.75, 395.0, 418.5, 364.5, 399.0, 423.5, 449.0, 399.0, 422.75, 468.0, 476.25, 399.25, 393.75], "loss": [0.0, 0.0, 0.008840221364335958, 0.008527588250454573, 0.006695712830212142, 0.006929042299698631, 0.006306566892305273, 0.005624443512957078, 0.005833752464226564, 0.005752097895450424, 0.006648514219993376, 0.006881527360808104, 0.006975588409771445, 0.006857352818606887, 0.006693446586851497, 0.007604377334099263, 0.007763684811629355, 0.007394178683694918, 0.007727713069645688, 0.008706102863419801, 0.009115003627864644, 0.009050473126396537, 0.009971929540438577, 0.00953057947526686, 0.010122615393670277, 0.01036470053885132, 0.010332108745188452, 0.010269850485422649, 0.01076469389339909, 0.01099148503895849, 0.011040505024511368, 0.011275818572565913, 0.01112259320365265, 0.01172972851600498, 0.011705485871620477, 0.011672014086507261, 0.012645346244517713, 0.012540672890515999, 0.01182310883300379, 0.011731845131143927, 0.01282320575909689, 0.012809884675685316, 0.013124616691330448, 0.01346477180775255, 0.013900650183856488, 0.014341088852472603, 0.015225858641974628, 0.015397948363702745, 0.016016935889609157, 0.01683072408232838, 0.01631684790374711, 0.01671531403567642, 0.01786797025781125, 0.01743101737499237, 0.017814020159561187, 0.019038661649730056, 0.018797035405412315, 0.01986884116018191, 0.02068914764849469, 0.02006466216109693], "epsilon": [0.985, 0.97, 0.955, 0.94, 0.925, 0.91, 0.895, 0.88, 0.865, 0.85, 0.835, 0.82, 0.8049999999999999, 0.79, 0.775, 0.76, 0.745, 0.73, 0.7150000000000001, 0.7, 0.685, 0.67, 0.655, 0.6399999999999999, 0.625, 0.61, 0.595, 0.58, 0.565, 0.55, 0.5349999999999999, 0.52, 0.5049999999999999, 0.49, 0.475, 0.45999999999999996, 0.44499999999999995, 0.43000000000000005, 0.4149999999999999, 0.4, 0.385, 0.37, 0.355, 0.3400000000000001, 0.32499999999999996, 0.30999999999999994, 0.29500000000000004, 0.2799999999999999, 0.265, 0.25, 0.235, 0.21999999999999997, 0.20499999999999996, 0.18999999999999995, 0.17500000000000004, 0.15999999999999992, 0.14500000000000002, 0.13, 0.11499999999999999, 0.09999999999999998], "mean_q": [NaN, NaN, 0.03851051574014127, 0.060693012431263925, 0.06669164475798607, 0.08008677309453488, 0.09059851681292057, 0.10851051232367755, 0.1362039622798562, 0.16066749541461467, 0.1843852583527565, 0.2074563546717167, 0.21989436569511892, 0.24407163913846017, 0.2828172518968582, 0.32212361134290696, 0.3409855093002319, 0.35743855365514754, 0.3868980769097805, 0.42332376628518104, 0.4791992703437805, 0.5174373688101769, 0.5637437697529792, 0.5997792157649994, 0.640306435072422, 0.6734175766110421, 0.7076235270500183, 0.7591070109248161, 0.8305482531547547, 0.8851661507368088, 0.9260604043245315, 0.9673825859069825, 1.0135796866655349, 1.0609377580165864, 1.1266860735654831, 1.1634475284814834, 1.2161896174430846, 1.2674822979211808, 1.2702620312452317, 1.3160040098428727, 1.3605175126075744, 1.4113972828626633, 1.4937372993946076, 1.5446184460639953, 1.5946431405067445, 1.6555185866355897, 1.7202966215610505, 1.7843186763286591, 1.8644003067970276, 1.9169273505687714, 1.954819903230667, 1.9977419995307923, 2.023155333995819, 2.0881057465076447, 2.1615157981395723, 2.2175900985717774, 2.2480282136917116, 2.320944211769104, 2.368872231674194, 2.4433090189933777], "interval_time": [19.986213445663452, 19.76909899711609, 48.85725378990173, 48.95482397079468, 49.227057456970215, 48.82769727706909, 49.17123770713806, 49.614195585250854, 49.683329343795776, 49.03018355369568, 48.83478260040283, 48.53856682777405, 49.58070158958435, 48.727224826812744, 50.08496332168579, 50.14699721336365, 49.75515818595886, 49.84546208381653, 49.54557824134827, 49.52854251861572, 50.147900342941284, 51.00096893310547, 51.47168946266174, 49.7891902923584, 49.66527271270752, 49.536513566970825, 49.48200440406799, 49.691654443740845, 49.467880964279175, 49.82265520095825, 50.219080209732056, 50.31589722633362, 52.950629472732544, 50.61769700050354, 49.77499270439148, 49.87212157249451, 49.904298305511475, 50.11339211463928, 49.977072954177856, 50.1448028087616, 50.23801374435425, 51.529542684555054, 50.15442490577698, 50.936761140823364, 51.1969997882843, 50.92519807815552, 50.396432399749756, 50.67696571350098, 50.33685493469238, 50.56676721572876, 50.69821786880493, 50.69486117362976, 50.597293853759766, 50.62587881088257, 51.233169078826904, 51.7685980796814, 51.85314631462097, 51.366708278656006, 50.703590869903564, 51.13195562362671], "total_time": [19.986213445663452, 39.75531244277954, 88.61256623268127, 137.56739020347595, 186.79444766044617, 235.62214493751526, 284.7933826446533, 334.4075782299042, 384.09090757369995, 433.12109112739563, 481.95587372779846, 530.4944405555725, 580.0751421451569, 628.8023669719696, 678.8873302936554, 729.034327507019, 778.7894856929779, 828.6349477767944, 878.1805260181427, 927.7090685367584, 977.8569688796997, 1028.8579378128052, 1080.329627275467, 1130.1188175678253, 1179.7840902805328, 1229.3206038475037, 1278.8026082515717, 1328.4942626953125, 1377.9621436595917, 1427.78479886055, 1478.003879070282, 1528.3197762966156, 1581.2704057693481, 1631.8881027698517, 1681.6630954742432, 1731.5352170467377, 1781.4395153522491, 1831.5529074668884, 1881.5299804210663, 1931.6747832298279, 1981.9127969741821, 2033.4423396587372, 2083.596764564514, 2134.5335257053375, 2185.730525493622, 2236.6557235717773, 2287.052155971527, 2337.729121685028, 2388.0659766197205, 2438.632743835449, 2489.330961704254, 2540.025822877884, 2590.6231167316437, 2641.2489955425262, 2692.482164621353, 2744.2507627010345, 2796.1039090156555, 2847.4706172943115, 2898.174208164215, 2949.306163787842]}