{"step": [10000, 20000, 30000, 40000, 50000, 60000, 70000, 80000, 90000, 100000, 110000, 120000, 130000, 140000, 150000, 160000, 170000, 180000, 190000, 200000, 210000, 220000, 230000, 240000, 250000, 260000, 270000, 280000, 290000, 300000, 310000, 320000, 330000, 340000, 350000, 360000, 370000, 380000, 390000, 400000, 410000, 420000, 430000, 440000, 450000, 460000, 470000, 480000, 490000, 500000], "mean_reward_20ep": [148.05555555555554, 120.25, 167.0, 147.75, 134.0, 146.0, 149.25, 132.0, 133.75, 155.5, 148.75, 147.0, 187.75, 130.75, 178.0, 176.5, 138.25, 167.25, 207.5, 167.0, 192.0, 174.0, 176.5, 164.75, 202.5, 180.25, 251.75, 173.5, 199.0, 226.75, 185.5, 193.25, 263.0, 270.75, 204.25, 230.0, 240.0, 241.0, 223.25, 265.5, 274.25, 307.25, 243.5, 250.0, 273.75, 243.5, 284.75, 256.25, 277.5, 316.5], "loss": [0.0, 0.0, 0.0, 0.0, 0.0, 0.008907716069492744, 0.00794408926711185, 0.00686901279929516, 0.006297984567111416, 0.005705106279488246, 0.00652628857458476, 0.006265347760915756, 0.006766354417038383, 0.007422006638077437, 0.00887756079241517, 0.008332893796707503, 0.009476391381782015, 0.010073058661120012, 0.009957047333614901, 0.00910453132353723, 0.009375846250494943, 0.00895780673502013, 0.009572492980048992, 0.009309358138707466, 0.00974528128122911, 0.010221321718161926, 0.010696603574045003, 0.01087955133537762, 0.010620708545157686, 0.010867652780376375, 0.011078643425274641, 0.010703086824109777, 0.01100795059162192, 0.01142635688423179, 0.012008608399424702, 0.012669891510531306, 0.013006355099612846, 0.012415799276996403, 0.013114725968847052, 0.012865281492797658, 0.013928956621838734, 0.014049352294020354, 0.01498526537134312, 0.015188360973540694, 0.015098677194677293, 0.01594453430827707, 0.01595427330285311, 0.015812377981841565, 0.017283345215348526, 0.01658038454791531], "epsilon": [0.991, 0.982, 0.973, 0.964, 0.955, 0.946, 0.9369999999999999, 0.9279999999999999, 0.919, 0.91, 0.901, 0.892, 0.883, 0.874, 0.865, 0.856, 0.847, 0.838, 0.829, 0.82, 0.8109999999999999, 0.802, 0.7929999999999999, 0.784, 0.775, 0.766, 0.757, 0.748, 0.739, 0.73, 0.721, 0.712, 0.703, 0.694, 0.685, 0.6759999999999999, 0.667, 0.6579999999999999, 0.649, 0.6399999999999999, 0.631, 0.622, 0.613, 0.604, 0.595, 0.586, 0.577, 0.5680000000000001, 0.5589999999999999, 0.55], "interval_time": [44.313416719436646, 38.12284326553345, 37.66645359992981, 38.37101173400879, 38.74998378753662, 62.15139985084534, 65.2255642414093, 67.44765734672546, 68.30580806732178, 69.38594698905945, 72.67862272262573, 69.4577169418335, 69.44414448738098, 69.6404538154602, 69.82965326309204, 69.38800692558289, 69.61328935623169, 69.77003192901611, 69.52074837684631, 70.77303719520569, 70.34157347679138, 71.2989194393158, 73.99137616157532, 79.64690017700195, 86.04516839981079, 81.75527811050415, 87.34667253494263, 87.13398766517639, 95.68036937713623, 92.73715782165527, 98.97254371643066, 103.05787181854248, 101.63025188446045, 109.75814414024353, 112.7378613948822, 121.32703065872192, 132.06469082832336, 126.85018062591553, 146.32096982002258, 121.53153133392334, 183.70033526420593, 157.41446709632874, 198.7141613960266, 166.8295500278473, 170.2169280052185, 194.0332944393158, 177.3816647529602, 204.11653876304626, 203.36282348632812, 204.15708780288696], "total_time": [44.313416719436646, 82.43625998497009, 120.1027135848999, 158.4737253189087, 197.2237091064453, 259.37510895729065, 324.60067319869995, 392.0483305454254, 460.3541386127472, 529.7400856018066, 602.4187083244324, 671.8764252662659, 741.3205697536469, 810.961023569107, 880.7906768321991, 950.178683757782, 1019.7919731140137, 1089.5620050430298, 1159.082753419876, 1229.8557906150818, 1300.1973640918732, 1371.496283531189, 1445.4876596927643, 1525.1345598697662, 1611.179728269577, 1692.9350063800812, 1780.2816789150238, 1867.4156665802002, 1963.0960359573364, 2055.8331937789917, 2154.8057374954224, 2257.863609313965, 2359.4938611984253, 2469.252005338669, 2581.989866733551, 2703.316897392273, 2835.3815882205963, 2962.231768846512, 3108.5527386665344, 3230.0842700004578, 3413.7846052646637, 3571.1990723609924, 3769.913233757019, 3936.7427837848663, 4106.959711790085, 4300.993006229401, 4478.374670982361, 4682.491209745407, 4885.854033231735, 5090.011121034622]}