{"step": [10000, 20000, 30000, 40000, 50000, 60000, 70000, 80000, 90000, 100000, 110000, 120000, 130000, 140000, 150000, 160000, 170000, 180000, 190000, 200000, 210000, 220000, 230000, 240000, 250000, 260000, 270000, 280000, 290000, 300000, 310000, 320000, 330000, 340000, 350000, 360000, 370000, 380000, 390000, 400000, 410000, 420000, 430000, 440000, 450000, 460000, 470000, 480000, 490000, 500000], "mean_reward_20ep": [148.05555555555554, 120.25, 167.0, 147.75, 134.0, 134.25, 184.0, 177.0, 115.75, 134.5, 160.25, 134.0, 117.75, 138.0, 180.5, 173.25, 166.5, 137.25, 195.0, 144.25, 121.0, 159.5, 174.0, 177.25, 195.5, 221.5, 186.75, 179.25, 227.75, 162.25, 195.5, 210.5, 208.25, 203.5, 204.5, 262.5, 243.75, 262.0, 262.5, 303.5, 252.75, 265.5, 194.25, 221.0, 219.25, 229.75, 214.75, 271.0, 219.0, 239.75], "loss": [0.0, 0.0, 0.0, 0.0, 0.0, 0.008690302310829066, 0.007769742338667129, 0.006750241686681693, 0.006547773580039939, 0.006494165336852893, 0.0073696030686201995, 0.007696376136591425, 0.007034865520146559, 0.007089896431643865, 0.007828882204537512, 0.0075741842281189745, 0.007499986822571372, 0.007418876280484255, 0.00751793435550062, 0.007389973097312031, 0.007811981951235793, 0.00782972853787942, 0.008014545246842317, 0.00861910615353845, 0.009300825424212962, 0.010096476654615253, 0.010334790985588916, 0.010345246074581519, 0.010254412224469706, 0.010163511738250964, 0.0109399321612902, 0.011055655803950503, 0.010838148874416947, 0.010942808038555086, 0.011853603236284108, 0.012084679470770061, 0.012128997307131066, 0.012834243603702635, 0.01323793595628813, 0.014304844224918633, 0.015439724897965789, 0.015739643704891206, 0.016104739121813327, 0.017087527986057102, 0.01813960909168236, 0.01930575015693903, 0.019058652582764627, 0.019199404064659028, 0.02068392427302897, 0.02072941182157956], "epsilon": [0.991, 0.982, 0.973, 0.964, 0.955, 0.946, 0.9369999999999999, 0.9279999999999999, 0.919, 0.91, 0.901, 0.892, 0.883, 0.874, 0.865, 0.856, 0.847, 0.838, 0.829, 0.82, 0.8109999999999999, 0.802, 0.7929999999999999, 0.784, 0.775, 0.766, 0.757, 0.748, 0.739, 0.73, 0.721, 0.712, 0.703, 0.694, 0.685, 0.6759999999999999, 0.667, 0.6579999999999999, 0.649, 0.6399999999999999, 0.631, 0.622, 0.613, 0.604, 0.595, 0.586, 0.577, 0.5680000000000001, 0.5589999999999999, 0.55], "interval_time": [35.34973740577698, 34.94033098220825, 36.426496505737305, 36.25457525253296, 36.92833757400513, 65.28148317337036, 65.10331773757935, 65.48550415039062, 67.56876683235168, 68.898854970932, 68.40609192848206, 69.75310683250427, 70.72648167610168, 71.36821508407593, 71.71125531196594, 70.55321192741394, 71.6549015045166, 71.88138842582703, 72.57236504554749, 71.42133641242981, 76.26010155677795, 73.41593623161316, 74.86135959625244, 77.03361988067627, 85.0930666923523, 77.91413187980652, 81.61500692367554, 86.74696063995361, 86.9806854724884, 90.23983478546143, 95.94423389434814, 100.86335682868958, 103.40320062637329, 106.60071682929993, 104.4339120388031, 125.35989356040955, 135.99472212791443, 121.41404724121094, 147.84705996513367, 131.07972860336304, 181.17311763763428, 177.1382508277893, 170.48195266723633, 177.50013828277588, 198.78826594352722, 198.39099884033203, 179.29121828079224, 198.37428069114685, 237.50790238380432, 196.30044317245483], "total_time": [35.34973740577698, 70.29006838798523, 106.71656489372253, 142.9711401462555, 179.89947772026062, 245.18096089363098, 310.2842786312103, 375.76978278160095, 443.33854961395264, 512.2374045848846, 580.6434965133667, 650.396603345871, 721.1230850219727, 792.4913001060486, 864.2025554180145, 934.7557673454285, 1006.4106688499451, 1078.292057275772, 1150.8644223213196, 1222.2857587337494, 1298.5458602905273, 1371.9617965221405, 1446.823156118393, 1523.8567759990692, 1608.9498426914215, 1686.863974571228, 1768.4789814949036, 1855.2259421348572, 1942.2066276073456, 2032.446462392807, 2128.390696287155, 2229.2540531158447, 2332.657253742218, 2439.257970571518, 2543.691882610321, 2669.0517761707306, 2805.046498298645, 2926.460545539856, 3074.3076055049896, 3205.3873341083527, 3386.560451745987, 3563.6987025737762, 3734.1806552410126, 3911.6807935237885, 4110.469059467316, 4308.860058307648, 4488.15127658844, 4686.525557279587, 4924.033459663391, 5120.333902835846]}