{"step": [10000, 20000, 30000, 40000, 50000, 60000, 70000, 80000, 90000, 100000, 110000, 120000, 130000, 140000, 150000, 160000, 170000, 180000, 190000, 200000, 210000, 220000, 230000, 240000, 250000, 260000, 270000, 280000, 290000, 300000, 310000, 320000, 330000, 340000, 350000, 360000, 370000, 380000, 390000, 400000, 410000, 420000, 430000, 440000, 450000, 460000, 470000, 480000, 490000, 500000, 510000, 520000, 530000, 540000, 550000, 560000, 570000, 580000, 590000, 600000], "mean_reward_20ep": [138.1578947368421, 122.25, 171.0, 120.5, 127.5, 141.5, 189.25, 141.75, 208.5, 175.5, 171.75, 179.0, 175.75, 183.75, 177.25, 233.75, 235.0, 206.25, 188.75, 248.0, 230.0, 221.0, 241.0, 242.0, 297.5, 251.0, 249.25, 298.0, 304.75, 282.5, 259.5, 238.75, 297.5, 318.75, 321.75, 307.75, 328.25, 286.75, 317.25, 288.5, 307.75, 291.25, 285.75, 299.25, 318.0, 359.75, 331.75, 323.75, 336.0, 299.75, 307.75, 367.5, 372.25, 350.0, 353.75, 335.25, 349.0, 352.75, 337.75, 363.75], "loss": [0.0, 0.0, 0.01220351530373955, 0.011341517004331399, 0.0106593933783588, 0.010655196781130508, 0.01114269286247436, 0.011334937909734435, 0.011111760601378046, 0.011151711614755913, 0.011169737224606797, 0.011700899569271133, 0.012837956473976373, 0.01351137648243457, 0.013070768767502159, 0.013555432399455457, 0.014086591928824782, 0.01439847842976451, 0.014586403006501495, 0.014462345961201935, 0.01498659740369767, 0.016029354666918516, 0.015824043220002203, 0.016348684458620845, 0.01813521289061755, 0.018519308435358105, 0.019496846907027066, 0.02106144427936524, 0.02241056652404368, 0.023006022003665565, 0.022935796915926038, 0.024157179539464415, 0.025715104472264647, 0.025746534883789716, 0.026468273094296457, 0.027601057230308652, 0.030268160132505, 0.030692870009317995, 0.03113870070967823, 0.031436711643822494, 0.03180720297284424, 0.033708146350272, 0.034552687183767555, 0.03455660269893706, 0.03471888504941016, 0.03455195528566837, 0.035379116663709284, 0.03544111301414669, 0.03438013044837862, 0.03578488041870296, 0.037679452206380665, 0.03792027816511691, 0.036628000080771744, 0.03678889843020588, 0.03801035187840462, 0.03801836817599833, 0.03759525560364127, 0.036732102330215274, 0.03794772041067481, 0.038091355609707535], "epsilon": [0.985, 0.97, 0.955, 0.94, 0.925, 0.91, 0.895, 0.88, 0.865, 0.85, 0.835, 0.82, 0.8049999999999999, 0.79, 0.775, 0.76, 0.745, 0.73, 0.7150000000000001, 0.7, 0.685, 0.67, 0.655, 0.6399999999999999, 0.625, 0.61, 0.595, 0.58, 0.565, 0.55, 0.5349999999999999, 0.52, 0.5049999999999999, 0.49, 0.475, 0.45999999999999996, 0.44499999999999995, 0.43000000000000005, 0.4149999999999999, 0.4, 0.385, 0.37, 0.355, 0.3400000000000001, 0.32499999999999996, 0.30999999999999994, 0.29500000000000004, 0.2799999999999999, 0.265, 0.25, 0.235, 0.21999999999999997, 0.20499999999999996, 0.18999999999999995, 0.17500000000000004, 0.15999999999999992, 0.14500000000000002, 0.13, 0.11499999999999999, 0.09999999999999998], "mean_q": [0.0, 0.0, 0.072670708052814, 0.11731229172647, 0.18290140953361989, 0.22036885023713113, 0.2739280531823635, 0.3207449782788753, 0.3746299652278423, 0.4292071282029152, 0.49053459248542786, 0.5794652197003365, 0.6992623097538948, 0.8168206866979599, 0.8983435664176941, 1.0224452303886413, 1.1539895539045333, 1.2995500297546387, 1.411123734521866, 1.4938851450920105, 1.6104420521259308, 1.7246919655323028, 1.7659397327899933, 1.8711530598163604, 1.9413990733146667, 2.0370802634239196, 2.1557956078052523, 2.260326557683945, 2.3380507900238037, 2.4381192934513094, 2.5692123389720916, 2.6590708243370056, 2.7670904765129087, 2.8359103033065796, 2.9482943950653078, 3.0705152010917662, 3.2167741827964784, 3.328684245109558, 3.406471230506897, 3.5058389514923096, 3.624448794555664, 3.7445908171653746, 3.886523234081268, 3.9411049314498903, 4.020647378730774, 4.137104307556152, 4.206720540332794, 4.2205711741447445, 4.30539055929184, 4.355152303123474, 4.435909014034271, 4.496551519012451, 4.490816834068299, 4.517404230499268, 4.57319227771759, 4.585228619003296, 4.607178551959992, 4.640022789096832, 4.638690447330474, 4.654521444511413], "interval_time": [19.93333077430725, 20.320210218429565, 54.842448472976685, 53.342517375946045, 52.652104139328, 53.3621129989624, 52.9186589717865, 53.528056621551514, 53.2153046131134, 53.7032573223114, 53.45588421821594, 53.68464159965515, 53.981647968292236, 53.50566220283508, 53.90328907966614, 53.3118999004364, 52.8497052192688, 53.24236273765564, 53.580644607543945, 53.35772109031677, 53.56704235076904, 53.766048192977905, 53.81569838523865, 53.930415868759155, 54.28860378265381, 54.27736210823059, 53.74644660949707, 53.69041967391968, 54.369691371917725, 53.83446979522705, 53.78937363624573, 53.8804497718811, 54.103266954422, 53.878116607666016, 53.90635943412781, 54.24219083786011, 54.266772508621216, 54.195916175842285, 53.98557233810425, 54.13405227661133, 54.25665616989136, 54.20982503890991, 55.46144890785217, 54.45563077926636, 54.15901565551758, 54.07296967506409, 54.2014479637146, 55.01793837547302, 54.72695016860962, 57.7169394493103, 54.671314001083374, 54.55477714538574, 54.64797115325928, 54.55948448181152, 54.525585889816284, 54.70321869850159, 54.84775924682617, 55.81800293922424, 56.82005071640015, 57.55125117301941], "total_time": [19.93333077430725, 40.253540992736816, 95.0959894657135, 148.43850684165955, 201.09061098098755, 254.45272397994995, 307.37138295173645, 360.89943957328796, 414.11474418640137, 467.81800150871277, 521.2738857269287, 574.9585273265839, 628.9401752948761, 682.4458374977112, 736.3491265773773, 789.6610264778137, 842.5107316970825, 895.7530944347382, 949.3337390422821, 1002.6914601325989, 1056.258502483368, 1110.0245506763458, 1163.8402490615845, 1217.7706649303436, 1272.0592687129974, 1326.336630821228, 1380.083077430725, 1433.7734971046448, 1488.1431884765625, 1541.9776582717896, 1595.7670319080353, 1649.6474816799164, 1703.7507486343384, 1757.6288652420044, 1811.5352246761322, 1865.7774155139923, 1920.0441880226135, 1974.2401041984558, 2028.22567653656, 2082.3597288131714, 2136.6163849830627, 2190.8262100219727, 2246.287658929825, 2300.743289709091, 2354.9023053646088, 2408.975275039673, 2463.1767230033875, 2518.1946613788605, 2572.92161154747, 2630.6385509967804, 2685.3098649978638, 2739.8646421432495, 2794.512613296509, 2849.0720977783203, 2903.5976836681366, 2958.300902366638, 3013.1486616134644, 3068.9666645526886, 3125.7867152690887, 3183.337966442108]}